feed_type,sample,request_utc,http_status,latency_ms,content_type,response_bytes,etag,cache_control,server_date,payload_sha256,payload_changed,header_timestamp,header_changed,feed_age_seconds,entity_count,trip_update_count,trip_timestamp_count,newest_trip_age_seconds,oldest_trip_age_seconds,trips_30s_or_newer,trips_60s_or_newer,trips_90s_or_newer,trips_over_300s,stop_time_update_count,unique_route_ids,unique_trip_ids,unique_vehicle_ids,unique_stop_ids,arrival_time_count,departure_time_count,arrival_delay_present,arrival_delay_negative,arrival_delay_zero,arrival_delay_positive,departure_delay_present,departure_delay_negative,departure_delay_zero,departure_delay_positive,trip_schedule_relationships,stop_schedule_relationships,alert_count,active_period_count,alerts_active_now,alerts_future_only,alerts_expired_only,alerts_inactive_other,informed_entity_count,alerts_with_url,unique_agency_ids,alert_causes,alert_effects,alert_severity_levels,error
trip_updates,1,2026-07-24T19:12:54.612148+00:00,200,2562.0,application/x-protobuf,451606,mecatran-valleymetro-gtfsrt-tripupdate-protobuf-binary-1784920353968,,"Fri, 24 Jul 2026 19:12:56 GMT",bccc891e2ac83a9d397a209f7f802bd5b68132ba000f4139b6e9200681773b46,False,1784920353,False,21.6,620,620,620,21.6,21.6,620,620,620,0,10669,78,620,501,7217,10600,10600,10600,2699,701,7200,10600,2629,780,7191,CANCELED=1;SCHEDULED=619,SCHEDULED=10600;SKIPPED=69,,,,,,,,,,,,,
service_alerts,1,2026-07-24T19:12:57.224026+00:00,200,1531.0,application/x-protobuf,13093,,,"Fri, 24 Jul 2026 19:12:58 GMT",ae5e12576596fd5898aeacc92a9f78e77c149ce390e162e7520c749f7b07a12d,False,1784920378,False,-0.8,17,,,,,,,,,,39,0,,85,,,,,,,,,,,,,17,20,14,3,0,0,128,11,0,CONSTRUCTION=9;MAINTENANCE=1;OTHER_CAUSE=4;POLICE_ACTIVITY=2;TECHNICAL_PROBLEM=1,DETOUR=3;NO_EFFECT=1;NO_SERVICE=9;OTHER_EFFECT=4,WARNING=17,
trip_updates,2,2026-07-24T19:13:24.620518+00:00,200,1969.0,application/x-protobuf,443730,mecatran-valleymetro-gtfsrt-tripupdate-protobuf-binary-1784920394101,,"Fri, 24 Jul 2026 19:13:25 GMT",fb6045f541438da8f22da7775194298cfaed2af9f890e456293f0e3ad7b551dd,True,1784920394,True,10.6,614,614,614,10.6,10.6,614,614,614,0,10509,78,614,499,7191,10427,10427,10427,2581,667,7179,10427,2514,744,7169,CANCELED=1;SCHEDULED=613,SCHEDULED=10427;SKIPPED=82,,,,,,,,,,,,,
trip_updates,3,2026-07-24T19:13:54.618038+00:00,200,1719.0,application/x-protobuf,445221,mecatran-valleymetro-gtfsrt-tripupdate-protobuf-binary-1784920433635,,"Fri, 24 Jul 2026 19:13:55 GMT",5a2de44e0a316c8a4fc3d4d5142048574b07456db399603cf47b99fe44d16eef,True,1784920433,True,1.6,615,615,615,1.6,1.6,615,615,615,0,10519,77,615,499,7187,10437,10437,10437,2648,717,7072,10437,2579,795,7063,CANCELED=1;SCHEDULED=614,SCHEDULED=10437;SKIPPED=82,,,,,,,,,,,,,
service_alerts,2,2026-07-24T19:13:56.375814+00:00,200,2266.0,application/x-protobuf,13093,,,"Fri, 24 Jul 2026 19:13:58 GMT",65f9d16576bf1e5503eaeeb8c364a9456a5a336603fd814e40da706b2b07e192,True,1784920437,True,-0.6,17,,,,,,,,,,39,0,,85,,,,,,,,,,,,,17,20,14,3,0,0,128,11,0,CONSTRUCTION=9;MAINTENANCE=1;OTHER_CAUSE=4;POLICE_ACTIVITY=2;TECHNICAL_PROBLEM=1,DETOUR=3;NO_EFFECT=1;NO_SERVICE=9;OTHER_EFFECT=4,WARNING=17,
trip_updates,4,2026-07-24T19:14:24.620460+00:00,200,1750.0,application/x-protobuf,447499,mecatran-valleymetro-gtfsrt-tripupdate-protobuf-binary-1784920457283,,"Fri, 24 Jul 2026 19:14:25 GMT",3b99c93b05c73f955b85ecb0b3dd658a3432d73949f43ac24e45f3fd18c8baf9,True,1784920457,True,7.6,618,618,618,7.6,7.6,618,618,618,0,10572,78,618,500,7205,10490,10490,10490,2667,718,7105,10490,2604,791,7095,CANCELED=1;SCHEDULED=617,SCHEDULED=10490;SKIPPED=82,,,,,,,,,,,,,
trip_updates,5,2026-07-24T19:14:54.617233+00:00,200,1687.0,application/x-protobuf,447541,mecatran-valleymetro-gtfsrt-tripupdate-protobuf-binary-1784920474131,,"Fri, 24 Jul 2026 19:14:55 GMT",04399f8de4f04f2a86f8d540e5b16558e50a5aa354696a8eb6a3166f2507f60f,True,1784920474,True,20.6,618,618,618,20.6,20.6,618,618,618,0,10571,78,618,500,7205,10489,10489,10489,2675,709,7105,10489,2612,782,7095,CANCELED=1;SCHEDULED=617,SCHEDULED=10489;SKIPPED=82,,,,,,,,,,,,,
service_alerts,3,2026-07-24T19:14:56.344633+00:00,200,1485.0,application/x-protobuf,13093,,,"Fri, 24 Jul 2026 19:14:57 GMT",51ee4fce27811e1ac8de316added2abb42e15ddff4abb1aa6e479cf05bd66ac1,True,1784920497,True,-0.7,17,,,,,,,,,,39,0,,85,,,,,,,,,,,,,17,20,14,3,0,0,128,11,0,CONSTRUCTION=9;MAINTENANCE=1;OTHER_CAUSE=4;POLICE_ACTIVITY=2;TECHNICAL_PROBLEM=1,DETOUR=3;NO_EFFECT=1;NO_SERVICE=9;OTHER_EFFECT=4,WARNING=17,
trip_updates,6,2026-07-24T19:15:24.616887+00:00,200,1734.0,application/x-protobuf,444650,mecatran-valleymetro-gtfsrt-tripupdate-protobuf-binary-1784920514250,,"Fri, 24 Jul 2026 19:15:25 GMT",90df8e0dfa5d761fceca56829a3a8359933f0139038689c532a836d95ed86f59,True,1784920514,True,10.6,621,621,621,10.6,10.6,621,621,621,0,10476,78,621,500,7175,10391,10391,10391,2670,716,7005,10391,2607,790,6994,CANCELED=1;SCHEDULED=620,SCHEDULED=10391;SKIPPED=85,,,,,,,,,,,,,
trip_updates,7,2026-07-24T19:15:54.619650+00:00,200,1859.0,application/x-protobuf,446466,mecatran-valleymetro-gtfsrt-tripupdate-protobuf-binary-1784920553560,,"Fri, 24 Jul 2026 19:15:55 GMT",6ff397acec73d48b6d2fb1dfd20a1f7136661a15961ea4ea52a8ec7a9491b296,True,1784920553,True,1.6,630,630,630,1.6,1.6,630,630,630,0,10527,78,630,499,7182,10437,10437,10437,2635,711,7091,10437,2573,784,7080,CANCELED=1;SCHEDULED=629,SCHEDULED=10437;SKIPPED=90,,,,,,,,,,,,,
service_alerts,4,2026-07-24T19:15:56.513688+00:00,200,1532.0,application/x-protobuf,13093,,,"Fri, 24 Jul 2026 19:15:57 GMT",fe5d183e8e5ed108841f422947115865b5764e35d73278ee0d0599667ad779db,True,1784920557,True,-0.5,17,,,,,,,,,,39,0,,85,,,,,,,,,,,,,17,20,14,3,0,0,128,11,0,CONSTRUCTION=9;MAINTENANCE=1;OTHER_CAUSE=4;POLICE_ACTIVITY=2;TECHNICAL_PROBLEM=1,DETOUR=3;NO_EFFECT=1;NO_SERVICE=9;OTHER_EFFECT=4,WARNING=17,
trip_updates,8,2026-07-24T19:16:24.619542+00:00,200,1750.0,application/x-protobuf,446909,mecatran-valleymetro-gtfsrt-tripupdate-protobuf-binary-1784920576949,,"Fri, 24 Jul 2026 19:16:25 GMT",47345a7f0760589506cac0d545c23bcf12aa9b775f1b98106873121c5d6ac4e3,True,1784920576,True,8.6,627,627,627,8.6,8.6,627,627,627,0,10595,78,627,499,7194,10505,10505,10505,2556,782,7167,10505,2499,850,7156,CANCELED=1;SCHEDULED=626,SCHEDULED=10505;SKIPPED=90,,,,,,,,,,,,,
trip_updates,9,2026-07-24T19:16:54.621741+00:00,200,1875.0,application/x-protobuf,448097,mecatran-valleymetro-gtfsrt-tripupdate-protobuf-binary-1784920593938,,"Fri, 24 Jul 2026 19:16:55 GMT",1d9a78dfe19de263537bfa17184ddfbfa64f06d2d9974b5a8a15fda4ce6914e2,True,1784920593,True,21.6,627,627,627,21.6,21.6,627,627,627,0,10595,78,627,499,7194,10505,10505,10505,2623,729,7153,10505,2566,797,7142,CANCELED=1;SCHEDULED=626,SCHEDULED=10505;SKIPPED=90,,,,,,,,,,,,,
service_alerts,5,2026-07-24T19:16:56.527726+00:00,200,1484.0,application/x-protobuf,13093,,,"Fri, 24 Jul 2026 19:16:57 GMT",a780eec26161dd7bea31ddcd674e5f687d064519205aa35f24cf793a9adb5162,True,1784920617,True,-0.5,17,,,,,,,,,,39,0,,85,,,,,,,,,,,,,17,20,14,3,0,0,128,11,0,CONSTRUCTION=9;MAINTENANCE=1;OTHER_CAUSE=4;POLICE_ACTIVITY=2;TECHNICAL_PROBLEM=1,DETOUR=3;NO_EFFECT=1;NO_SERVICE=9;OTHER_EFFECT=4,WARNING=17,
trip_updates,10,2026-07-24T19:17:24.621632+00:00,200,1797.0,application/x-protobuf,443160,mecatran-valleymetro-gtfsrt-tripupdate-protobuf-binary-1784920633842,,"Fri, 24 Jul 2026 19:17:25 GMT",ae659c60097ba4b6f4afacc276c63693a4819183f2b05bcb6ebc523a40c9b99d,True,1784920633,True,11.6,628,628,628,11.6,11.6,628,628,628,0,10476,78,628,499,7151,10386,10386,10386,2560,783,7043,10386,2496,856,7034,CANCELED=1;SCHEDULED=627,SCHEDULED=10386;SKIPPED=90,,,,,,,,,,,,,
trip_updates,11,2026-07-24T19:17:54.613422+00:00,200,1906.0,application/x-protobuf,445901,mecatran-valleymetro-gtfsrt-tripupdate-protobuf-binary-1784920673566,,"Fri, 24 Jul 2026 19:17:55 GMT",70cb4afbefdf7aab5b8038bb1847c79930fc20d44e749f0094c28c2d1d70caf9,True,1784920673,True,1.6,625,625,625,1.6,1.6,625,625,625,0,10545,78,625,498,7150,10455,10455,10455,2604,684,7167,10455,2545,752,7158,CANCELED=1;SCHEDULED=624,SCHEDULED=10455;SKIPPED=90,,,,,,,,,,,,,
service_alerts,6,2026-07-24T19:17:56.569083+00:00,200,1484.0,application/x-protobuf,13093,,,"Fri, 24 Jul 2026 19:17:57 GMT",d29bdca60ff406395e990c09b6a54e466c624113c25d7e90691160e82a7440be,True,1784920677,True,-0.4,17,,,,,,,,,,39,0,,85,,,,,,,,,,,,,17,20,14,3,0,0,128,11,0,CONSTRUCTION=9;MAINTENANCE=1;OTHER_CAUSE=4;POLICE_ACTIVITY=2;TECHNICAL_PROBLEM=1,DETOUR=3;NO_EFFECT=1;NO_SERVICE=9;OTHER_EFFECT=4,WARNING=17,
trip_updates,12,2026-07-24T19:18:24.621183+00:00,200,1859.0,application/x-protobuf,446444,mecatran-valleymetro-gtfsrt-tripupdate-protobuf-binary-1784920697161,,"Fri, 24 Jul 2026 19:18:25 GMT",9237d1689e3c64f345c207b07e411b2096392f46a94259da5c544252415236c0,True,1784920697,True,7.6,621,621,621,7.6,7.6,621,621,621,0,10584,77,621,496,7150,10494,10494,10494,2578,731,7185,10494,2514,802,7178,CANCELED=1;SCHEDULED=620,SCHEDULED=10494;SKIPPED=90,,,,,,,,,,,,,
trip_updates,13,2026-07-24T19:18:54.612679+00:00,200,1922.0,application/x-protobuf,446781,mecatran-valleymetro-gtfsrt-tripupdate-protobuf-binary-1784920713934,,"Fri, 24 Jul 2026 19:18:55 GMT",698e96abbf0615fb1a168b4c9a2bb9ef1373df2a632211a018cc9e951d1893c3,True,1784920713,True,21.6,621,621,621,21.6,21.6,621,621,621,0,10571,78,621,496,7160,10481,10481,10481,2622,670,7189,10481,2558,741,7182,CANCELED=1;SCHEDULED=620,SCHEDULED=10481;SKIPPED=90,,,,,,,,,,,,,
service_alerts,7,2026-07-24T19:18:56.584499+00:00,200,1500.0,application/x-protobuf,13453,,,"Fri, 24 Jul 2026 19:18:57 GMT",a0dc62c46548e1229f08db0f25a839a62b5f5be6b05da458c6f0b8edfb6088c0,True,1784920737,True,-0.4,18,,,,,,,,,,39,1,,85,,,,,,,,,,,,,18,21,15,3,0,0,130,11,0,CONSTRUCTION=9;MAINTENANCE=1;OTHER_CAUSE=5;POLICE_ACTIVITY=2;TECHNICAL_PROBLEM=1,DETOUR=3;NO_EFFECT=1;NO_SERVICE=9;OTHER_EFFECT=4;REDUCED_SERVICE=1,WARNING=18,
trip_updates,14,2026-07-24T19:19:24.620316+00:00,200,1828.0,application/x-protobuf,445357,mecatran-valleymetro-gtfsrt-tripupdate-protobuf-binary-1784920753873,,"Fri, 24 Jul 2026 19:19:25 GMT",f5f173590cc6de7b08347c4d7ff1f82176926b821d382eab66245d8a0264d402,True,1784920753,True,11.6,626,626,626,11.6,11.6,626,626,626,0,10558,78,626,500,7165,10468,10468,10468,2531,813,7124,10468,2470,882,7116,CANCELED=1;SCHEDULED=625,SCHEDULED=10468;SKIPPED=90,,,,,,,,,,,,,
trip_updates,15,2026-07-24T19:19:54.624993+00:00,200,1890.0,application/x-protobuf,449769,mecatran-valleymetro-gtfsrt-tripupdate-protobuf-binary-1784920793555,,"Fri, 24 Jul 2026 19:19:55 GMT",fadc5511ac0fa1f76c8ad57c9a7ad55f09d2d9a8667df24e59351867439edcb5,True,1784920793,True,1.6,626,626,626,1.6,1.6,626,626,626,0,10649,78,626,500,7161,10562,10562,10562,2601,747,7214,10562,2540,815,7207,CANCELED=1;SCHEDULED=625,SCHEDULED=10562;SKIPPED=87,,,,,,,,,,,,,
service_alerts,8,2026-07-24T19:19:56.558648+00:00,200,1532.0,application/x-protobuf,13453,,,"Fri, 24 Jul 2026 19:19:57 GMT",287fff61229ce67f4ab52f0087f8d4952f09e47ad9b668bc4e76b38672c4c3d0,True,1784920797,True,-0.4,18,,,,,,,,,,39,1,,85,,,,,,,,,,,,,18,21,15,3,0,0,130,11,0,CONSTRUCTION=9;MAINTENANCE=1;OTHER_CAUSE=5;POLICE_ACTIVITY=2;TECHNICAL_PROBLEM=1,DETOUR=3;NO_EFFECT=1;NO_SERVICE=9;OTHER_EFFECT=4;REDUCED_SERVICE=1,WARNING=18,
trip_updates,16,2026-07-24T19:20:24.613906+00:00,200,2109.0,application/x-protobuf,449473,mecatran-valleymetro-gtfsrt-tripupdate-protobuf-binary-1784920817533,,"Fri, 24 Jul 2026 19:20:26 GMT",1e8aa018c9884f6d85dd1b4d6e815fc493bf5bbaded0a096d0b95e2ffb9ab4bc,True,1784920817,True,7.6,623,623,623,7.6,7.6,623,623,623,0,10633,78,623,500,7158,10546,10546,10546,2627,705,7214,10546,2562,778,7206,CANCELED=1;SCHEDULED=622,SCHEDULED=10546;SKIPPED=87,,,,,,,,,,,,,
trip_updates,17,2026-07-24T19:20:54.619018+00:00,200,2437.0,application/x-protobuf,450003,mecatran-valleymetro-gtfsrt-tripupdate-protobuf-binary-1784920834760,,"Fri, 24 Jul 2026 19:20:56 GMT",8772bc44d73bbd617032dc76a740746456e0087c7616a2c533859215ab7795f3,True,1784920834,True,20.6,624,624,624,20.6,20.6,624,624,624,0,10660,78,624,501,7158,10573,10573,10573,2605,754,7214,10573,2540,827,7206,CANCELED=1;SCHEDULED=623,SCHEDULED=10573;SKIPPED=87,,,,,,,,,,,,,
service_alerts,9,2026-07-24T19:20:57.138424+00:00,200,1891.0,application/x-protobuf,13453,,,"Fri, 24 Jul 2026 19:20:58 GMT",979013c4af0d5d7d92be9bfa0d0307c81bbad85526330bff0d3785395c62da5c,True,1784920858,True,-0.9,18,,,,,,,,,,39,1,,85,,,,,,,,,,,,,18,21,15,3,0,0,130,11,0,CONSTRUCTION=9;MAINTENANCE=1;OTHER_CAUSE=5;POLICE_ACTIVITY=2;TECHNICAL_PROBLEM=1,DETOUR=3;NO_EFFECT=1;NO_SERVICE=9;OTHER_EFFECT=4;REDUCED_SERVICE=1,WARNING=18,
trip_updates,18,2026-07-24T19:21:24.623302+00:00,200,1953.0,application/x-protobuf,442888,mecatran-valleymetro-gtfsrt-tripupdate-protobuf-binary-1784920873886,,"Fri, 24 Jul 2026 19:21:25 GMT",f24d8cbbbe1ca763a1148d19edccafa43b1e402a5046aa2c815675408854bde7,True,1784920873,True,11.6,620,620,620,11.6,11.6,620,620,620,0,10520,78,620,499,7132,10433,10433,10433,2486,770,7177,10433,2425,839,7169,CANCELED=1;SCHEDULED=619,SCHEDULED=10433;SKIPPED=87,,,,,,,,,,,,,
trip_updates,19,2026-07-24T19:21:54.613181+00:00,200,1797.0,application/x-protobuf,447459,mecatran-valleymetro-gtfsrt-tripupdate-protobuf-binary-1784920914132,,"Fri, 24 Jul 2026 19:21:55 GMT",ba45dfa58d06a66b7d4864fd36e16aad2e77509856788935cf012772e6c424ef,True,1784920914,True,0.6,625,625,625,0.6,0.6,625,625,625,0,10616,78,625,499,7158,10532,10532,10532,2549,724,7259,10532,2482,802,7248,CANCELED=1;SCHEDULED=624,SCHEDULED=10532;SKIPPED=84,,,,,,,,,,,,,
service_alerts,10,2026-07-24T19:21:56.451241+00:00,200,1531.0,application/x-protobuf,13453,,,"Fri, 24 Jul 2026 19:21:57 GMT",325202970c27ca85653d75272a06f793c5fbcc3c4e37a827c4937cdbd3d6a8f3,True,1784920917,True,-0.5,18,,,,,,,,,,39,1,,85,,,,,,,,,,,,,18,21,15,3,0,0,130,11,0,CONSTRUCTION=9;MAINTENANCE=1;OTHER_CAUSE=5;POLICE_ACTIVITY=2;TECHNICAL_PROBLEM=1,DETOUR=3;NO_EFFECT=1;NO_SERVICE=9;OTHER_EFFECT=4;REDUCED_SERVICE=1,WARNING=18,
trip_updates,20,2026-07-24T19:22:24.622873+00:00,200,2578.0,application/x-protobuf,449578,mecatran-valleymetro-gtfsrt-tripupdate-protobuf-binary-1784920938374,,"Fri, 24 Jul 2026 19:22:26 GMT",2661086c6aed3c9ebd547b8352717fa52e94a6417e60af0c4e57f53debc16d47,True,1784920938,True,6.6,629,629,629,6.6,6.6,629,629,629,0,10608,78,629,497,7195,10524,10524,10524,2675,690,7159,10524,2605,767,7152,CANCELED=1;SCHEDULED=628,SCHEDULED=10524;SKIPPED=84,,,,,,,,,,,,,
